{
  "test_type": "espocrm_login",
  "total_tests": 5,
  "concurrent_tests": 5,
  "successful_tests": 5,
  "failed_tests": 0,
  "total_duration": 278.6052987575531,
  "tests_per_second": 0.017946535914060566,
  "success_rate": 100.0,
  "step_averages": {
    "environment_creation": {
      "average": 2.0237242698669435,
      "min": 1.922203779220581,
      "max": 2.072265148162842
    },
    "environment_ready": {
      "average": 194.63779315948486,
      "min": 185.98791098594666,
      "max": 204.67140197753906
    },
    "total_workflow_iterations": {
      "average": 66.53303518295289,
      "min": 64.59042501449585,
      "max": 68.46529984474182
    },
    "average_iteration_time": {
      "average": 22.177678394317628,
      "min": 21.530141671498615,
      "max": 22.82176661491394
    },
    "environment_closure": {
      "average": 5.157254791259765,
      "min": 5.133031845092773,
      "max": 5.181524991989136
    }
  },
  "individual_test_metrics": [
    {
      "success": true,
      "total_duration": 265.18304419517517,
      "environment_id": "a5e090fa-b3c7-4864-bdce-8a03819cdaa1",
      "steps_timing": {
        "environment_creation": 2.030799150466919,
        "environment_ready": 194.76340413093567,
        "total_workflow_iterations": 66.38646030426025,
        "average_iteration_time": 22.128820101420086,
        "environment_closure": 5.168960094451904
      },
      "error": null
    },
    {
      "success": true,
      "total_duration": 256.6451051235199,
      "environment_id": "288d564c-ca29-47ca-b47c-de72cda96ed5",
      "steps_timing": {
        "environment_creation": 2.072265148162842,
        "environment_ready": 185.98791098594666,
        "total_workflow_iterations": 66.58345699310303,
        "average_iteration_time": 22.194485664367676,
        "environment_closure": 5.133031845092773
      },
      "error": null
    },
    {
      "success": true,
      "total_duration": 273.2925639152527,
      "environment_id": "11b779af-4407-4eca-97c6-1072dcc3d138",
      "steps_timing": {
        "environment_creation": 2.028064012527466,
        "environment_ready": 204.67140197753906,
        "total_workflow_iterations": 64.59042501449585,
        "average_iteration_time": 21.530141671498615,
        "environment_closure": 5.1419150829315186
      },
      "error": null
    },
    {
      "success": true,
      "total_duration": 265.588987827301,
      "environment_id": "fffe6b0e-441d-41b9-a442-823dfd9e7628",
      "steps_timing": {
        "environment_creation": 1.922203779220581,
        "environment_ready": 193.19910383224487,
        "total_workflow_iterations": 68.46529984474182,
        "average_iteration_time": 22.82176661491394,
        "environment_closure": 5.160841941833496
      },
      "error": null
    },
    {
      "success": true,
      "total_duration": 265.2743442058563,
      "environment_id": "16456219-794a-4371-af69-e8b368cfaa3c",
      "steps_timing": {
        "environment_creation": 2.065289258956909,
        "environment_ready": 194.56714487075806,
        "total_workflow_iterations": 66.63953375816345,
        "average_iteration_time": 22.213177919387817,
        "environment_closure": 5.181524991989136
      },
      "error": null
    }
  ]
}