n_samples,49.0
p0,1.0
p1,2.0
p2,3.0
a0,1.1464392530618057
a1,0.5686044644357853
a2,0.6912861500083185
