n_samples,46.0
p0,1.0
p1,2.0
p2,3.0
a0,0.7662379791221192
a1,1.0095461732992888
a2,0.9320551277049143
