{
    "message": "success",
    "output": {
        "t": [
            0,
            0.5106382978723404,
            1.0212765957446808,
            1.5319148936170213,
            2.0425531914893615,
            2.553191489361702,
            3.0638297872340425,
            3.574468085106383,
            4.085106382978723,
            4.595744680851063,
            5.106382978723404,
            5.617021276595744,
            6.127659574468085,
            6.638297872340425,
            7.148936170212766,
            7.659574468085106,
            8.170212765957446,
            8.680851063829786,
            9.191489361702127,
            9.702127659574467,
            10.212765957446807,
            10.723404255319148,
            11.234042553191488,
            11.744680851063828,
            12.25531914893617,
            12.76595744680851,
            13.27659574468085,
            13.787234042553191,
            14.297872340425531,
            14.808510638297872,
            15.319148936170212,
            15.829787234042552,
            16.340425531914892,
            16.851063829787233,
            17.361702127659573,
            17.872340425531913,
            18.382978723404253,
            18.893617021276594,
            19.404255319148934,
            19.914893617021274,
            20.425531914893615,
            20.936170212765955,
            21.446808510638295,
            21.957446808510635,
            22.468085106382976,
            22.978723404255316,
            23.489361702127656,
            24
        ],
        "c": [
            0.08304527221485122,
            0.05595728955353095,
            0.038591656662118286,
            0.027967777487553754,
            0.02180017736458719,
            0.018652164698048306,
            0.01800830393044452,
            0.021080984655197303,
            0.03528605377487011,
            0.09746493560849441,
            0.319422007867964,
            0.6676859246730855,
            0.8950443675101779,
            0.9803819677409435,
            0.9933065652876704,
            0.9775587030503182,
            0.9539223217051933,
            0.929453363748709,
            0.9053463861926304,
            0.8813781797454754,
            0.8573542612337965,
            0.8332841385306856,
            0.809267532424291,
            0.785403163988033,
            0.7617558891710775,
            0.7383535705786318,
            0.7151920433342985,
            0.6922465531026579,
            0.6695032882694604,
            0.6470225043041119,
            0.6249939718725951,
            0.6035861680872476,
            0.5820854243708039,
            0.5566796257593423,
            0.5177692124792475,
            0.45298699112188084,
            0.3637657717955255,
            0.2764052839716353,
            0.2145612527823986,
            0.1769902112267548,
            0.15176588223940954,
            0.1299742681236586,
            0.10793469323884482,
            0.0854561059683309,
            0.06400078833084893,
            0.04535727297435202,
            0.03070566211358972,
            0.020218253450251064
        ],
        "m": [
            0.8535533905649291,
            0.8975228594035788,
            0.9343984543181291,
            0.9635205899019649,
            0.9843473956095492,
            0.9962992944964518,
            0.9978605905663094,
            0.9834539523697519,
            0.9373717780020002,
            0.8318464373274433,
            0.6478986558313293,
            0.4159832815999414,
            0.21152358677577737,
            0.08465367274652873,
            0.02704739502399576,
            0.006985427171313147,
            0.0014509561437568903,
            0.00023509670469765064,
            0.00002788299607185301,
            0.0000021613557517853116,
            8.917345948366703e-8,
            1.2897425134472e-9,
            2.2297427349999626e-12,
            3.2007958714469434e-18,
            2.315977196333086e-18,
            8.274472817063997e-13,
            2.2885015099070014e-10,
            6.480065348293735e-9,
            4.455589723908256e-8,
            3.687840178519846e-8,
            7.569666180224083e-7,
            0.000028055603397005523,
            0.00031681161714934054,
            0.002124548802845129,
            0.009921201682775044,
            0.033889859848404445,
            0.08609345612814662,
            0.16657066940525275,
            0.25828177903923405,
            0.3442233891467284,
            0.4204248748154216,
            0.4906275095189227,
            0.5581947692661586,
            0.6240039660597408,
            0.6874741877793482,
            0.7475841086427067,
            0.8032747496112764,
            0.8535533905649291
        ],
        "a": [
            0.25072334465890966,
            0.2518298365807125,
            0.25381606396521555,
            0.2571356869843729,
            0.2622325485699383,
            0.26950175087557793,
            0.27926972646765863,
            0.2917896515901396,
            0.30723648100399015,
            0.325600874192572,
            0.34505688420908837,
            0.3664245007029561,
            0.3973754574337821,
            0.42871431446470387,
            0.46073606522117344,
            0.4942270287458701,
            0.528723709824527,
            0.5635455269082201,
            0.5979155589884715,
            0.630965554319153,
            0.6617386725211152,
            0.689198461852786,
            0.7122488798764581,
            0.7297695121345411,
            0.7406683506273661,
            0.7439516937801058,
            0.7388074950807102,
            0.7246957196102745,
            0.7014379704378428,
            0.6692994840968348,
            0.6290592390776638,
            0.5820662415939926,
            0.5302773251281365,
            0.4762569559878117,
            0.42308775000969556,
            0.37410330881307013,
            0.3323637484444746,
            0.2999430033471577,
            0.2773318951176683,
            0.2633515161182923,
            0.25575852461676823,
            0.2521620516888106,
            0.25068967792049734,
            0.25017779815348845,
            0.2500323837795296,
            0.25000160002073146,
            0.24999826206628362,
            0.24999901125202156
        ],
        "I_S": [
            0.15295279854260302,
            0.11653264978121647,
            0.08475741827912764,
            0.05895243897295677,
            0.040168985464882234,
            0.029299686457890717,
            0.02793331724667769,
            0.04120103973064537,
            0.08263358296983969,
            0.17069202060242628,
            0.29807124203397883,
            0.44292845417324717,
            0.5889619163001549,
            0.6923980848554501,
            0.74530351681056,
            0.768385633942253,
            0.7791904385483613,
            0.7859976825342403,
            0.7917432846695053,
            0.7972809221434615,
            0.8028084334179711,
            0.808344646886892,
            0.8138684675402502,
            0.8193572722827525,
            0.8247961454906522,
            0.8301786787661121,
            0.8355058298111266,
            0.8407832865007252,
            0.8460142004788038,
            0.8511847882380045,
            0.8562506522116836,
            0.861147967404638,
            0.8658130451260803,
            0.8699028737365915,
            0.8712895154974812,
            0.8629398279890151,
            0.8328232200427269,
            0.7748532353634286,
            0.7001175861919913,
            0.6253955639455198,
            0.5572817185139769,
            0.49419723409820354,
            0.4337260943668918,
            0.3750612485493353,
            0.3184298565379371,
            0.26441124183247355,
            0.21376119059093635,
            0.16740301285846104
        ],