n_samples,40.0
p0,1.0
p1,2.0
p2,3.0
a0,1.0906903850291785
a1,0.7244367635025394
a2,1.3634619943727917
