n_samples,46.0
p0,1.0
p1,2.0
p2,3.0
a0,1.3788254606218473
a1,1.1279249999391991
a2,1.0364029345316121
