n_samples,47.0
p0,1.0
p1,2.0
p2,3.0
a0,0.7281403980695457
a1,0.6260519086532083
a2,1.2322679284719131
