n_samples,42.0
p0,1.0
p1,2.0
p2,3.0
a0,0.9039289459385865
a1,0.9243403406803373
a2,0.874981179708673
