n_samples,40.0
p0,1.0
p1,2.0
p2,3.0
a0,1.1023160706114967
a1,0.5137828502147321
a2,0.6701561940920765
