{
  "v5": [1, 1],
  "v6": [2, 1],
  "v0": [0, 2],
  "v2": [1, 2],
  "v3": [2, 2],
  "v4": [3, 2],
  "v1": [1, 3],
  "v7": [2, 3],
  "v_e": [3.7071067811865475, 2.0],
  "v_s": [0.5285954792089682, 0.1952621458756351],
  "v_w": [-0.20710678118654746, 3.2071067811865475],
  "v_n": [1.5, 4.0]
}
